name.first,name.last,authentication.securityQuestions.question,authentication.securityQuestions.answer,authentication.userName,authentication.phone,authentication.email,authentication.password
Shanti,Roy,what is your first school,no,shanti1234,9900887755,shantiroy@gmail.com,12345
Sanjeev,Mishra,what is your first school,no,sanju99,9450889451,sanju99@gmail.com,998899
Rahul,Mishra,what is your first school,no,rj1234,9936375707,rahulmishra96@gmail.com,hello
Aditya,Mishra,what is your first school,no,adi99,8858483939,aditya@gmail.com,343434
Shiva,Singh,what is your first school,no,shiva11,5645789833,shivag@gmail.com,123456
Piyoosh,Singh,what is your first school,no,justpiyoosh,8896136036,piyoos99@gmail.com,333333
Ayush,Singh,what is your first school,no,justayoosh,8978564783,ayushkaka@gmail.com,243546
Priyank,Srivastava,what is your first school,no,priyank1234,9944556633,priyank1999@gmail.com,134556
Shivang,Mishra,what is your first school,no,shivanng55,8899008877,shivang@gmail.com,5678909
Gaurav,Mishra,what is your first school,no,gauraiyla11,9933224455,mishraggaurav@gmail.com,674839
Shaanti,Roy,what is your first school,no,shanti123405,9900787755,shaantiroy@gmail.com,123445
Rajeev,Mishra,what is your first school,no,ranju918,9859879451,ranju99@gmail.com,998899
KLRahul,Mishra,what is your first school,no,rj12345,9886385707,rahiulmishra96@gmail.com,heello
VikramAditya,Mishra,what is your first school,no,adi989,89858483939,aditya1@gmail.com,343434
M.Shiva,Singh,what is your first school,no,shiva1563,5605769833,shivagi@gmail.com,123456
Ayoosh,Singh,what is your first school,no,justpiyoo0sh11,7896136036,piyuos99@gmail.com,333333
Ayush,Singh,what is your first school,no,justayooshio,7978564783,ayushaka@gmail.com,243546
Priyank,Srivastava,what is your first school,no,priyank32384,8944556633,priyanka1999@gmail.com,134556
Shivangi,Mishra,what is your first school,no,shivang5894,9899000877,shivangi@gmail.com,5678909
Saurav,Mishra,what is your first school,no,gauraiya13uu,9333224655,mishraggauravji@gmail.com,674839
Ahaanti,Roy,what is your first school,no,ahanti12345yu,9700787755,ahaantiroy@gmail.com,123445
Raj,Mishra,what is your first school,no,raj911,9459879851,raju99@gmail.com,998899
K.L.Rahul,Mishra,what is your first school,no,rj11234589,9936385707,rahumishra96@gmail.com,heello
ViramAditya,Mishra,what is your first school,no,adi9899,88858483939,additya1@gmail.com,343434
M.AShiva,Singh,what is your first school,no,shiva11378,5645869833,shivagii@gmail.com,123456
R.Ayoosh,Singh,what is your first school,no,justpiyoosh191,9796136036,piyuoos99@gmail.com,333333
M.Ayush,Singh,what is your first school,no,justayoosh890,8978566783,ayushakaa@gmail.com,243546
S.Priyank,Srivastava,what is your first school,no,priyanjkk3234,6944556633,priyanka19998@gmail.com,134556
vangi,Mishra,what is your first school,no,shivangiop54,9899008888,shivangii@gmail.com,5678909
M.Saurav,Mishra,what is your first school,no,gauraiyioa13,9933224455,mishraggauravjii@gmail.com,674839
Kanti,Roy,what is your first school,no,khanti1234678,9900887758,khantiroy@gmail.com,12345
Ranjeev,Mishra,what is your first school,no,sanju998989,9450849459,ksanju99@gmail.com,998899
Rahulbaba,Mishra,what is your first school,no,rj123476,9036374707,rahuglmishra96@gmail.com,hello
Adityaa,Mishra,what is your first school,no,adi9955,8858483934,adity1a@gmail.com,343434
Shivathakur,Singh,what is your first school,no,shivrfa11,5645989833,shivag11@gmail.com,123456
Kamlesh,Singh,what is your first school,no,justpiyoosfgh,8896636036,piiyyoos99@gmail.com,333333
Ayushi,Singh,what is your first school,no,justayooshdg,8978569783,ayushikaka@gmail.com,243546
Priya,Srivastava,what is your first school,no,priya12dfb34,9984556633,priya1999@gmail.com,134556
Shivganga,Mishra,what is your first school,no,shivanghr5,889998877,shivan@gmail.com,5678909
Gaur,Mishra,what is your first school,no,gauraiya1htf1,9933224355,mishrajiggaurav@gmail.com,674839
Saanti,Roy,what is your first school,no,shanti1t2345,9900787754,saantiroy@gmail.com,123445
Ranjeet,Mishra,what is your first school,no,ranjtu91,9459879454,raanju99@gmail.com,998899
KRahul,Mishra,what is your first school,no,rj1234ht5,9936385704,rahiulimishra96@gmail.com,heello
Vikramaditya,Mishra,what is your first school,no,afhdi989,8985863939,vaditya1@gmail.com,343434
M.Shiva,Singh,what is your first school,no,shiva11fht3,5645769834,shivagni@gmail.com,123456
Ayooshi,Singh,what is your first school,no,justpiyoosfhh11ii,9894136036,piyuosoi99@gmail.com,333333
Ayushiii,Singh,what is your first school,no,justayooshifhii,8978464783,ayushiikjka@gmail.com,243546
Priyankaa,Srivastava,what is your first school,no,priyankf3234,9444556633,prikjkmyankaii1999@gmail.com,134556
Shivangips,Mishra,what is your first school,no,shivanfhg54,9099008877,shivangninjii@gmail.com,5678909
Sauravas,Mishra,what is your first school,no,gauraiya1g3,9833224455,mishraggaunjrhyavji@gmail.com,674839
Ahaantids,Roy,what is your first school,no,ahanti12345,9808787755,ahaantirofgmky@gmail.com,123445
Rasaj,Mishra,what is your first school,no,raj9gh1,9459879491,raju9fmkg9@gmail.com,998899
K.L.Raahul,Mishra,what is your first school,no,rgj112345,9936385607,ramjnhugfbfmishra96@gmail.com,heello
ViramAdaitya,Mishra,what is your first school,no,ahdi989,89858488939,addimntyagf1@gmail.com,343434
M.AShivaa,Singh,what is your first school,no,shiva1gh13,5645769873,shivagimnfgi@gmail.com,123456
R.Ayoosash,Singh,what is your first school,no,justpiygfhoosh11,9896636036,piyusdoos99@gmail.com,333333
M.Ayusdfh,Singh,what is your first school,no,justayooshfg,8978564785,ayushakasda@gmail.com,243546
S.Priyansdk,Srivastava,what is your first school,no,priygfank3234,9044556633,prvdfiyanka19998@gmail.com,134556
vangsdci,Mishra,what is your first school,no,shivangft54,9899908877,shivangisfi@gmail.com,5678909
M.Saurdsav,Mishra,what is your first school,no,gauraiyfgna13,8333224455,mishrasvggauravjii@gmail.com,674839
Malti,Roy,what is your first school,no,shanti1234767,9900887765,snmhantiroy@gmail.com,12345
Sanjiv,Mishra,what is your first school,no,sanjgnju99,9450889851,sanu99@gmail.com,998899
ANshu,Mishra,what is your first school,no,rjhfg1234,9936375709,rahulmishlkra96@gmail.com,hello
Viraaaj,Mishra,what is your first school,no,adgfi99,8858483938,adityakl@gmail.com,343434
Venkat,Singh,what is your first school,no,shivafg11,5645789839,shivagkl@gmail.com,123456
Piyu,Singh,what is your first school,no,justpiyooghfsh,8896136037,piyoos99kj@gmail.com,333333
Ankshi,Singh,what is your first school,no,justayooshhf,8978564789,ayushkakamk@gmail.com,243546
Prag,Srivastava,what is your first school,no,priyankgf1234,9944596633,priyanklk1999@gmail.com,134556
Snurag,Mishra,what is your first school,no,shivangfg55,8899008879,shivangkl@gmail.com,5678909
Aaurav,Mishra,what is your first school,no,gauraiyahg11,9933224495,mishraggklaurav@gmail.com,674839
Saantii,Roy,what is your first school,no,shantihgfg12345,9900787655,shaantirolky@gmail.com,123445
Rajeevnii,Mishra,what is your first school,no,ranjugh91,9459879471,ranju9kl9@gmail.com,998899
P.Rahula,Mishra,what is your first school,no,rjfghfh12345,9936384707,rahiulmishjghra96@gmail.com,heello
VkramAdiatya,Mishra,what is your first school,no,adhgfi989,89858483939,aditya1fgh@gmail.com,343434
Shivaaa,Singh,what is your first school,no,shivafhg113,5645769834,shivaginj@gmail.com,123456
Ayooshaa,Singh,what is your first school,no,justpiyrroosh11,9896436036,piymkuos99@gmail.com,333333
Ayushia,Singh,what is your first school,no,justayoogsh,8978564785,ayushakaki@gmail.com,243546
Priyankai,Srivastava,what is your first school,no,prgrgdiyank3234,9444556633,prmkiyanka1999@gmail.com,134556
Shivangifg,Mishra,what is your first school,no,shivang5ggd4,9499008877,shivangikl@gmail.com,5678909
Sauravas,Mishra,what is your first school,no,gauraiyffa13,9433224455,mishraggaurkljavji@gmail.com,674839
Ahaantia,Roy,what is your first school,no,ahanti12345fh,9840787755,ahaantiroykji@gmail.com,123445
Raja,Mishra,what is your first school,no,rafhfj91,9459879441,raju99mn@gmail.com,998899
K.L.Rahul,Mishra,what is your first school,no,rfhj112345,9936385407,rahumighshra96@gmail.com,heello
ViraamAditya,Mishra,what is your first school,no,fgadi989,8985844939,additykla1@gmail.com,343434
M.mAShiva,Singh,what is your first school,no,shiva1fhf13,5645769443,shivagimki@gmail.com,123456
R.Aayoosh,Singh,what is your first school,no,justpiyoofghsh11,9896446036,piyunkoos99@gmail.com,333333
M.Ayaush,Singh,what is your first school,no,justayooshdsd,8978564744,ayushakaal@gmail.com,243546
S.Prayank,Srivastava,what is your first school,no,priyankcx3234,9945556633,prioiyanka19998@gmail.com,134556
vangii,Mishra,what is your first school,no,shivang5czxc4,9899044877,shivangiipl@gmail.com,5678909
M.Sauraav,Mishra,what is your first school,no,gauraiya1xc3,9334424455,mishragnmgauravjii@gmail.com,674839
Kantii,Roy,what is your first school,no,khantizxc1234,9900887744,khantiroylp@gmail.com,12345
Ranjeeiv,Mishra,what is your first school,no,sanjzxczxu99,9450844451,ksanju99oi@gmail.com,998899
Rahulbaaba,Mishra,what is your first school,no,rj1zxcz234,9936344707,rahuglmisnhnbhra96@gmail.com,hello
Adityaasd,Mishra,what is your first school,no,adixczxc99,8858484439,adity1mka@gmail.com,343434
Shivathakdur,Singh,what is your first school,no,shiva1xz1,5645744833,shivnjhag11@gmail.com,123456
Kamleshva,Singh,what is your first school,no,justpiyooshxzc,8894436036,piiyybhos99@gmail.com,333333
Ayushia,Singh,what is your first school,no,justayoozxczx3sh,8974464783,ayushikakkl@gmail.com,243546
Priyaas,Srivastava,what is your first school,no,priya1234xc,9944456633,priya19mnk99@gmail.com,134556
Shivganaga,Mishra,what is your first school,no,shivanwdeg5,8899448877,shivanjk@gmail.com,5678909
Gaura,Mishra,what is your first school,no,gauraiya4r11,9933224444,mishrajiggakurav@gmail.com,674839